{"base_lr": 0.002, "lr": 9.8e-05, "data_time": 0.009609103202819824, "grad_norm": 383.12189208984375, "loss": 28.230141487121582, "loss_cls": 15.108680171966553, "loss_bbox": 6.824134893417359, "loss_dfl": 6.29732611656189, "time": 0.35992074489593506, "epoch": 1, "iter": 50, "memory": 5899, "step": 50}
{"base_lr": 0.002, "lr": 0.00020584200000000003, "data_time": 0.009394655227661133, "grad_norm": 381.74628387451173, "loss": 23.19084819793701, "loss_cls": 11.005742349624633, "loss_bbox": 6.288250312805176, "loss_dfl": 5.896855411529541, "time": 0.32865381717681885, "epoch": 2, "iter": 106, "memory": 5852, "step": 106}
